User Name,Data Science,Web Development,Graphic Design,Digital Marketing,Business Analytics,Cybersecurity,Mobile App Development,AI & ML,Project Management,Cloud Computing,Blockchain,Game Development,Software Engineering,UI/UX Design,Database Management,DevOps,Networking,Augmented Reality,E-commerce,Content Writing
Taylor Moore,0.9040897982285845,0.9712526531903427,0.36671783073794795,0.7174610456789031,0.05516319348905907,0.6608121927080283,0.08891800226432123,0.09884354950302521,0.6646432563560206,0.5116814063648543,0.4373804734004254,0.3527174751175016,0.0593040286084473,0.7351824297713497,0.4225455782743047,0.4957982935254116,0.4765501496228657,0.5502076487887592,0.5390446290598858,0.262313716954115
Taylor Anderson,0.12794955844624678,0.43056785563118916,0.7382299048201358,0.08201731369608589,0.3536921051352637,0.07330019248238007,0.2877056668431138,0.6337543649367857,0.27017598200480963,0.5466960204458906,0.7547788395868715,0.7166296013558721,0.2110636020424259,0.05042382169159865,0.7030090239460851,0.21039813214944925,0.4219890586750108,0.44567434146414775,0.6963481418859812,0.8584012913602771
Morgan Brown,0.020287889015160654,0.7027410501453247,0.3273744396728563,0.1310882407068894,0.2042653131687856,0.746903057677935,0.04394773649463968,0.18295515623487768,0.947106639583898,0.41054628935157744,0.11974461150315296,0.1397786209948031,0.826847875668082,0.15158635361370565,0.28957333243045347,0.12251339576735631,0.7698536608703431,0.09534711961248798,0.8570460577229129,0.19310308576529012
Jordan Anderson,0.7662283913352784,0.3413338476243729,0.735653291772056,0.15914186567096056,0.0827506915111198,0.47459940520434485,0.050992366999632055,0.1288351785988111,0.20275921610941006,0.3757761266465768,0.8772396902931058,0.31056980329335726,0.5243280554665766,0.5204356213221544,0.9603172462692069,0.7533048045207854,0.3357537043266189,0.17998649931443955,0.31428639795756697,0.3306136285858101
Avery Wilson,0.22741455364072694,0.12559714365209684,0.23939413300436452,0.8721473131732094,0.12170550641063471,0.4360862563917203,0.37720641834145274,0.6784050161126692,0.7288848691703144,0.17127938973871482,0.8037216026564057,0.834104576746807,0.8900436639879775,0.6428527257966352,0.9543475022651431,0.4070642383790427,0.46405052583950135,0.38569642415419125,0.543914887123161,0.8926402460161567
Jordan Smith,0.6714395879788635,0.2522011766367114,0.026714452740662975,0.5274708609530611,0.018823855778980714,0.7386660954832485,0.38477254987653087,0.04026558495450805,0.651855317078026,0.5376075029486229,0.14850091516846375,0.18534405608523175,0.6927982794882832,0.9700740896980834,0.75377954416006,0.3307052809170189,0.5900105430980838,0.08458297485937338,0.6144156485985955,0.41616841836152496
Chris Wilson,0.9553452183292945,0.3271715567392167,0.35110091116670505,0.384460857190994,0.13597452863559223,0.8780220462258926,0.6298151061779124,0.8534109162314332,0.7718312917490101,0.4921186169165045,0.7321948595993688,0.8844350827429464,0.9148763829919321,0.07394701738674714,0.06480832425412875,0.841763536166084,0.5286732976590849,0.10347314788377582,0.08612226821317748,0.2396499856532167
Alex Taylor,0.6625553005983298,0.9945796725328309,0.9800122651278638,0.5540739090899093,0.35269902998810243,0.01929046356116515,0.5014911921005138,0.3288622136629866,0.224914331774263,0.947126909699568,0.07135721967622688,0.37331796761828107,0.864563521868742,0.031912115865315505,0.14359152211461834,0.005267667820782362,0.46371329825089225,0.23816205267614643,0.9415239904480485,0.2495092170281905
Jamie Smith,0.5236237410264816,0.6665213786314624,0.5745810427964413,0.18818291893982397,0.7716682511674748,0.8611108860328908,0.0023784926279505347,0.13431395574619331,0.4421396841105675,0.08239052339163555,0.2080336340784844,0.46862057742372254,0.893995768902336,0.4166240948548231,0.8355212899806088,0.5314807374752769,0.4460492685557471,0.922522933261194,0.6480756449530272,0.6479339445232856
Chris Wilson,0.15427625185110627,0.8405333428160184,0.014622512488274286,0.27924701860362244,0.4728292329816124,0.48777124038593656,0.5215866178837604,0.6490322158308051,0.47570435666887345,0.5764418806501069,0.30930395848032843,0.46393937527121754,0.6294850691193299,0.7644161417922026,0.9920751374115938,0.7869576358335755,0.6134630528619184,0.0036111676244580115,0.09085320477890702,0.164522685202649
Taylor Davis,0.695408424418496,0.46868428470589685,0.9444327180150596,0.5214961557701985,0.5413727219744486,0.861833867695661,0.6580887332438385,0.35100294961873657,0.44735440685180605,0.11546530955774459,0.12273126137096402,0.2599944813667364,0.4106847195055834,0.46670617933929337,0.8128480847972153,0.008185233519650503,0.7649065087340101,0.696480048118249,0.6812445349950362,0.03972422784957941
Quinn Anderson,0.2205988188632365,0.5494087630999674,0.4765758824591104,0.8541873107588522,0.35334879043966605,0.4008948984673938,0.24644389785473808,0.17283317134135578,0.2573479797429914,0.6590762745953718,0.594891661498566,0.1799191355931078,0.4344878871458703,0.01526599833617548,0.8564111780213158,0.31644485707335945,0.7116552587086418,0.2915480755418681,0.691539201669909,0.26323648578550884
Jordan Davis,0.08610475944841034,0.2682740253923066,0.9115681372621035,0.6313856663180663,0.532211199587206,0.9389805790249983,0.2554415105476805,0.890453803109598,0.41932282876652094,0.018320374141691742,0.31117433280566686,0.9351502381955983,0.1242184881891959,0.3991972716034541,0.7215773122588836,0.014058946038665532,0.736386102621427,0.40557370945023863,0.6099427434854942,0.4827468319209782
Jamie Anderson,0.8847942948238837,0.1826641275445683,0.5512507675026733,0.6439632948428156,0.9175743915104988,0.7248086175650076,0.24898749583099622,0.12633424259244175,0.7498889139672241,0.5596261417141993,0.06778112420594928,0.9243318206290406,0.8328807865832519,0.3611592981249675,0.19090074615796448,0.220416620299264,0.20553587569510778,0.963682255447912,0.472376834110547,0.7169452520470653
Casey Johnson,0.8914516958251496,0.8847293795445408,0.9895913515504994,0.4857689985452174,0.5842003306607058,0.30636896033167904,0.9313070101766951,0.46287233705972564,0.2285376581899956,0.731203345694478,0.09400252863811909,0.03747531471973553,0.6488057040386522,0.41508061361257886,0.9053461532079874,0.10779784107760482,0.869772940555419,0.8389570275499426,0.7570437177362831,0.9258813786610547
Avery Smith,0.10357313351525022,0.48628036161050725,0.0633010973590713,0.7747262831119659,0.6754374981350951,0.018627596658362888,0.8168351175727103,0.9310954771548229,0.12083153230254096,0.5229798636958946,0.49217160328945664,0.571164353597161,0.4132715376527566,0.43182544309041426,0.8728868330314552,0.8132079590814487,0.7430961982470788,0.3934972780546858,0.10954330614430918,0.7345131751729651
Avery Wilson,0.09006327772341172,0.025993071960138447,0.02489813650658934,0.12029271326563684,0.665270811716036,0.3520511774936772,0.5388435700590002,0.43702741982275606,0.09121229646575968,0.6787699963034909,0.039384816474737905,0.4881434762590863,0.7817539181052777,0.5316368749421093,0.2034331035766832,0.6106465894519135,0.36959933213389984,0.261921934387333,0.23315278555178987,0.37394703016585873
Chris Moore,0.5936954945548715,0.7559409096875869,0.6188911170717558,0.9620958728136215,0.7954736523826925,0.8854444690728714,0.10065225107978837,0.8366734657833387,0.2759027008344531,0.2142812913379758,0.042138134501598756,0.47804564930900983,0.36221527680174226,0.6921017214007085,0.06407828469507226,0.7349714368984684,0.9268882743193871,0.6680913613779428,0.6664347161543561,0.3696728602359699
Quinn Davis,0.9894653718866364,0.19429617588474835,0.8044691395410984,0.23337758113070006,0.5781604119700527,0.5313602107920878,0.2737019736764218,0.8334896912184812,0.7379210072404824,0.692915524324152,0.18387839260478422,0.7726871523489176,0.26955218239372347,0.3609910359834576,0.31256289642437973,0.6271572680133194,0.010911287515061652,0.6331701533473384,0.44636561833718214,0.5425966906522006
Morgan Davis,0.10672298369835409,0.49358301550042416,0.37623283653172324,0.1654637091814959,0.3010071779063913,0.2826800628894003,0.10302822805965761,0.43143970181808766,0.7578292836605545,0.6849989879069016,0.24241067692398333,0.8842637983820977,0.9628786081739455,0.326715364956092,0.5434090146327615,0.9116203131418328,0.7306143470542784,0.5992890683498833,0.07680385162871284,0.9126882982599119
Chris Wilson,0.543275316369914,0.6006480118223017,0.9522450472918106,0.9382196614256526,0.4755891707943466,0.28708668683688066,0.26770610655283633,0.6415395343613265,0.02088886313808902,0.2891813887684106,0.09659361306201952,0.05818019687822207,0.6400697431366761,0.7668376392145919,0.25335616388923066,0.4944261170253841,0.25813613911968625,0.6942428915576074,0.2594091660196769,0.06746024546694329
Jordan Taylor,0.7316050604250007,0.06238711846423439,0.11819145381282048,0.08478873450095137,0.9958805662108394,0.6091567064513795,0.9349762508045045,0.7898466589964845,0.09349084551074371,0.9028994837214948,0.4125945859498624,0.9178020382153224,0.34444206295512314,0.8621176977311654,0.16062099915333072,0.5476198430482029,0.4359552467898501,0.1636095678382985,0.627222276378136,0.4735524966758182
Taylor Miller,0.7074478008746687,0.29021157039456036,0.4485166261745205,0.6420602472868115,0.5775129150202388,0.038223577843502166,0.8890202641274798,0.47998003404110046,0.9400085578768828,0.08388942560238355,0.06242422128394176,0.4185622573622645,0.022611672301227292,0.7204540536882796,0.2879135359675462,0.5942223114418259,0.07350767611075404,0.884526735955989,0.7385203431226622,0.500687467937753
Jordan Thomas,0.7919786677502225,0.8148582112736588,0.9824780091892789,0.9282389901933159,0.49770933637528325,0.48110576828876017,0.6147879175521488,0.11745361995938519,0.13512749120449485,0.7403766087295411,0.705825153438411,0.618490371419168,0.11199316183061037,0.3678779946529427,0.06293177738627198,0.8543698186847698,0.9898463742685557,0.6950913500543988,0.10279253138379874,0.45505871372679985
Drew Wilson,0.6963232028512804,0.5024281886053029,0.45693798392138263,0.033617157346804816,0.7945497908621074,0.7126251399918221,0.34054482692558885,0.5642683378767823,0.8984717928758703,0.017771558252421604,0.7147097052937581,0.3244360832321528,0.8229474578068651,0.5164997387958519,0.5975094937609754,0.34412058803271073,0.8813064437881241,0.9632401872339009,0.5390272564978992,0.24125802158529852
Morgan Moore,0.8965954741612088,0.4873377888728231,0.2662811903475887,0.6993890884188376,0.20076979015610685,0.1523020857648829,0.3769280398799424,0.21054283332924661,0.3676620879053598,0.5742391249583225,0.5166575871676417,0.8199073771781881,0.880634394687803,0.43561397502495713,0.7075990782565724,0.8643466574499888,0.445770970730785,0.5438483482784339,0.5143717684510327,0.01907524119245141
Alex Davis,0.6076238212840674,0.7946783037368896,0.46294066734559514,0.95418484639506,0.0030463164492117167,0.8137636718264214,0.4342578303079423,0.015928733651686677,0.761565918750088,0.36710218387277993,0.09793084336366065,0.6038801708200645,0.4879254226193479,0.8634937266951915,0.19889336007418246,0.9471641904436123,0.38089003133942245,0.04553297970769743,0.7815629807337009,0.38599791196990174
Casey Anderson,0.5589285398718538,0.10053920684904816,0.8638833775268556,0.23174289605290943,0.5189864083828042,0.6461061842460297,0.6152010154546298,0.6760568614856525,0.60986511426674,0.20651162103643605,0.578625388181051,0.2936197390169657,0.4034219005513453,0.003270274907740567,0.17938425180626105,0.9090632373388816,0.6682789584453968,0.3300827796265452,0.888246330739988,0.8804835965784152
Jordan Davis,0.6128296383909849,0.09783851879576211,0.4880642242076375,0.5890938103999508,0.5390511910740419,0.2944265812272354,0.8927019688017375,0.32734557044491697,0.9889657907702838,0.9016556676657638,0.6537235459365395,0.6897654583352177,0.5626055935507034,0.9691979579600385,0.7399645019256881,0.7494392677828076,0.31130039785905883,0.8299676064132937,0.7060606630752725,0.8630530954401855
Jordan Davis,0.7943132938926031,0.15397396573318956,0.07681526834872954,0.25391025421384006,0.8279788096975923,0.6809734673554718,0.8127154486587997,0.30196371898759133,0.8277766747318986,0.3069706473178584,0.8828197197870646,0.45837694608433976,0.6295142718002963,0.025711250845585676,0.08431132098333383,0.7437295042383355,0.8829549140521865,0.6275799442330348,0.07212795244632153,0.0009935755932867218
Avery Taylor,0.937080292870274,0.2993867563588285,0.13580612656050517,0.12220369080160398,0.7724578085466324,0.422693111670705,0.0496762779540062,0.12076764281168917,0.6322448613561049,0.24137259326369898,0.4531003545587847,0.019031590804235443,0.3395310401173012,0.8112573562231353,0.8957031355607489,0.03440980370202407,0.6232969316337978,0.8801338300243273,0.9579518181495011,0.9203118331097763
Drew Thomas,0.9381966909216265,0.3382026714488685,0.980949376932121,0.9478988917141875,0.6672417784183301,0.3268775116221092,0.18306725199127438,0.7430272792770681,0.8327290613579483,0.7488642160819503,0.923637921041375,0.044790497424391784,0.6452579238419623,0.06530574413420387,0.9107705766330503,0.6696045166545366,0.7774735309242847,0.47315482785478913,0.06502294274835807,0.3344940993664727
Chris Taylor,0.5030131531741096,0.21624170701124357,0.5579477819790922,0.6121601072022369,0.3480675474705479,0.8772262862038922,0.017189437865948287,0.03134098031994548,0.015834616719510808,0.15262329900721971,0.8725200760666181,0.5876133400450263,0.35184501913702904,0.37860323939435514,0.2828573819600184,0.11919863120531349,0.9614375990488401,0.3435907611347262,0.5552782801536146,0.06269492072145366
Jordan Johnson,0.5312970349246487,0.8712444972692381,0.6963883275610817,0.7154787865753103,0.2516926614130939,0.5893295723409109,0.8410820578848673,0.853953333909425,0.8665494840120032,0.7354472568691208,0.6785106377806449,0.5595643231481949,0.2794747152165731,0.7886676887073814,0.16124748755253815,0.21595421478339705,0.4443788829905648,0.20325651078886064,0.8649791440966307,0.9067241577838168
Morgan Brown,0.41284161756184357,0.6732219873402225,0.8996949256271244,0.8008186770919355,0.5642265479978091,0.5278940227107919,0.8595462543883164,0.8780947262554696,0.034602302219796544,0.01948020058557831,0.6373147210943283,0.5350728326866767,0.9935298675280816,0.6450438558959017,0.6333377552537042,0.9457708802303973,0.26197383953141307,0.9924376160939,0.3103628284357959,0.9245585567795261
Jordan Smith,0.3946327009735294,0.738978423410891,0.0631907981562484,0.8470911219509811,0.40241884632539526,0.035196329901253764,0.557831401991956,0.31838990343241125,0.36698588449560876,0.3204089697851251,0.5973930349786236,0.4276313396134578,0.9152246413281498,0.45667812870912083,0.8662875223998701,0.9548390261454526,0.9443078055565389,0.7927541379576876,0.991245783097077,0.5750218328990515
Jamie Brown,0.6523785342667756,0.6614937482417479,0.9836310294806448,0.4115093884104829,0.5372448705825701,0.13234693486956162,0.4131550468471219,0.47115494580132444,0.41284859245500216,0.75047648706328,0.5065504399581517,0.6380802135602904,0.7934690190777913,0.3413662945807131,0.1768732622447713,0.98446552447587,0.6055170204610039,0.25559172465858637,0.15287941653647585,0.035783012923880975
Taylor Johnson,0.02576694878928598,0.94055065280762,0.5693714365810012,0.3433857575816791,0.9890261784527162,0.879504470370506,0.6642492330819306,0.5994909749478105,0.7025758034219991,0.9658106908496858,0.8305913104693262,0.866020028875095,0.5031284681020801,0.46195349227873783,0.3616167582415041,0.9768590275437381,0.22063057040980072,0.6466225159005645,0.6305967768373463,0.16799372069651097
Taylor Anderson,0.28827319136599827,0.9507576862144698,0.43149626252982787,0.21225916692456237,0.17373982048314895,0.8231482110071798,0.27616751775685366,0.8795729344896142,0.7028661503665145,0.1253422399248708,0.5138693701699711,0.09035670433539467,0.6100365652952714,0.3278533530221128,0.8583403084419654,0.7189117734056296,0.6757928987123266,0.9636996389050028,0.04707646688662115,0.2282461860749483
Chris Wilson,0.3751339295439938,0.6869230108750831,0.45495730032227166,0.2511925392684671,0.04845139440980373,0.2632006787111649,0.9481529258732831,0.1459330866596753,0.6865377423364979,0.2479999723730394,0.521741032696044,0.5204405197177131,0.6934288485021501,0.5551833628829996,0.04103611921445871,0.3911301357192941,0.04137749205334851,0.2496592451126941,0.2582289442899157,0.5612279608078403
Drew Brown,0.5018615937073869,0.42669914526948305,0.30967756715126415,0.8953547902181329,0.16162343506788135,0.7560728299812853,0.08995137145880194,0.4554821676387313,0.15923141300720667,0.837439026405798,0.15130063059984133,0.42604322685920915,0.49060514954395396,0.8700695613608685,0.293447027162108,0.3604608255146269,0.2760740562949737,0.4437322527371048,0.46413288795506236,0.8622113252851185
Morgan Smith,0.1182392993247412,0.98839745996053,0.40915155351085264,0.05286744053641601,0.22951144543867752,0.6815500219066762,0.16395468198680607,0.36634200092548974,0.5470504708552968,0.12537096454402863,0.963738304192123,0.03458075173602637,0.55893588989559,0.9644621475683932,0.14739243395650914,0.9433805330989102,0.8030575667787606,0.4613539190400936,0.24229127271799134,0.528393518965797
Alex Wilson,0.4502880024542456,0.42785508421279084,0.644782930148059,0.018354112171284243,0.30373939621014345,0.2531629687635458,0.4400290645991881,0.41157987044627353,0.1559741089601162,0.07708697451148583,0.5611714863362273,0.018696020061345853,0.8574233254394322,0.554587003530227,0.5539334623917707,0.3353252532893487,0.8444953475214556,0.06504502964918035,0.5492354432797067,0.6985554197871621
Quinn Anderson,0.2281355795967821,0.6484599307343235,0.43703623658262125,0.4305967561622005,0.8392930915021535,0.19995491519334507,0.3300200651364902,0.5786220191357493,0.37137276021108956,0.8040746702863535,0.13022383485030598,0.4289365694885575,0.3953305691849409,0.7855550977442395,0.6276186329812511,0.28589730265230984,0.6378984818866898,0.8663476199674063,0.30602501695264317,0.03474691601068336
Jamie Taylor,0.16034833059505116,0.9332142193567114,0.7579073042726744,0.555697842742337,0.24505004021849386,0.01792729035685592,0.5508322359156482,0.22941823015818852,0.21294428389787834,0.6845886774813549,0.27830801816206174,0.5120730148021685,0.385143580614161,0.7078915540164503,0.16231565950937576,0.6378758573185387,0.26310068022457267,0.8783831445573822,0.4873533403430118,0.7680165698153063
Alex Wilson,0.8744549908145278,0.9789180512295307,0.9078040594126767,0.2212187230795657,0.48489624867534376,0.7047538378174191,0.34924211406955263,0.7261135420740593,0.43769021924952145,0.5054658960940773,0.40188150866088834,0.7666926998071959,0.6100809072532534,0.1303505211275321,0.8194347056846017,0.18166321198350743,0.6234041882974275,0.5485682153430629,0.7652228271983891,0.753169808031164
Alex Smith,0.5618424744245312,0.030814449664106403,0.8103927100753266,0.01735378334608051,0.1400296445570537,0.2361879314117432,0.8203094385151528,0.29053457065091204,0.9147697281132945,0.4129084728507011,0.7832554681479287,0.7579060839854473,0.12407651214893656,0.744937743289251,0.17811153574570948,0.6532093383352036,0.28134287218738085,0.5007604774412655,0.5039758744827032,0.8528913966097108
Taylor Moore,0.40474413602064474,0.29942637216060064,0.08219010167161922,0.15420260803925034,0.3375485506285907,0.8309246076574301,0.09271896730511975,0.6763154613128176,0.8700736321070617,0.12179940706025827,0.9689347711886014,0.4327347617856533,0.35217322568757803,0.851191810140185,0.41478249803877276,0.129541498357873,0.5500173531464841,0.06161483104822818,0.7370371590135909,0.2069242819052054
Jamie Wilson,0.22095237173176885,0.13966998244934503,0.20596678070901087,0.9836375995451945,0.763321002063254,0.8490223151523013,0.4145347437803818,0.24175615846214482,0.8822934263581975,0.26037900441647877,0.4648917368999125,0.6270099181669337,0.9069467154632155,0.9819833432719666,0.07599385683953253,0.8923883231152601,0.19289473490838105,0.6623801904797225,0.31978034781789566,0.9972674923190897
Chris Brown,0.395984848564497,0.5998014543976999,0.7450192034300748,0.5430928936241957,0.662675454671801,0.022628814624675808,0.8351361677635868,0.8637961411401341,0.22900206584991767,0.8170385347138841,0.25291365005567334,0.3168214842984891,0.7003897046435658,0.3781436807049634,0.9896934464799213,0.3641614750102473,0.19812086223753222,0.09951021575036778,0.40361464502139643,0.864911363667082
Drew Taylor,0.9189585916854741,0.3885002852506244,0.149258807369811,0.35846565046425394,0.21831789765958465,0.21359725311027722,0.02399777509963741,0.44893969291732894,0.527398578484803,0.6423792659227477,0.05246540352821172,0.08820050154409143,0.5272198236808685,0.4585069209565068,0.4272046908077909,0.2450526913191281,0.23812252880615614,0.015092431306692355,0.7844956790192257,0.6928468436936575
Alex Wilson,0.5042529005689139,0.5071674573333981,0.5324649171892302,0.07443475524587073,0.4441979819440258,0.9852625138871195,0.0796293197300626,0.6151620492486857,0.16773776298758125,0.1898808791031502,0.2288017157322616,0.6710354499718616,0.6102758765920064,0.24784524567095645,0.8982573793063442,0.15039517883371,0.5473353990680208,0.7127792266131915,0.5563533322300458,0.13236035435352422
Chris Miller,0.73606561991446,0.5359011312594958,0.016485394875334514,0.08931393218078065,0.2330335142733716,0.6961706752309862,0.40580199371247483,0.33996837009961234,0.24968509034454534,0.46928122250026894,0.3083483232453721,0.6193113715180772,0.2817796249756548,0.9452731933729427,0.8694412083101312,0.4613539904404591,0.5779469019089946,0.6662791591266273,0.16113263961322477,0.7291540766961204
Jamie Anderson,0.6870715067382325,0.5495608809699206,0.04500393450136719,0.877276005450813,0.35713585297365524,0.857732420736369,0.7709326184257377,0.9721299612695783,0.2626363307140245,0.9812900913202312,0.43765113819846524,0.29715070023437407,0.25743755116252354,0.24003164718570025,0.24762958585393446,0.21785480834109983,0.7898173932050893,0.5297143902422389,0.20757872432286717,0.9107106638438107
Chris Smith,0.9662050414138126,0.2849665450199912,0.4243659243440139,5.5561907254420007e-05,0.6150937832613566,0.48750912414773184,0.3374463994998499,0.5413028012363771,0.8156899008483821,0.8855330208078116,0.6421002646964252,0.6244217356688128,0.2619540638114617,0.14362792518781708,0.3253592627951126,0.9730228192051881,0.19341921404651596,0.46973486835647915,0.031088608343293522,0.4090771039706059
Jordan Miller,0.4524878687025291,0.885000692415044,0.7714818517949332,0.6498426726605097,0.16947655811645956,0.6361916153859513,0.03121859458736309,0.5003624168928202,0.6086583230818716,0.7515335886331134,0.3037941868834936,0.31878755470024567,0.3786631935587462,0.9668739639910886,0.34649850810793503,0.24736229659179054,0.8792973068235397,0.4728185120250197,0.2202201474748292,0.5201451267564973
Quinn Thomas,0.5172127391260116,0.9685379453517817,0.2364762692007477,0.7230858514177307,0.7194974366353273,0.21515525628847865,0.5097922327704244,0.9703138699631667,0.3476637595825327,0.0439211822696397,0.4546023415920135,0.0441815335473541,0.6068366978525715,0.05241025970340152,0.24855317602230576,0.07173451859383084,0.9604245605347507,0.032331891515683386,0.15853000100570236,0.9074753940090131
Alex Smith,0.32752322498139175,0.7594612695469358,0.9273238357783128,0.48288347509346097,0.6257463924219502,0.30573324512707767,0.9332153423191031,0.7937665144678359,0.8700741271313092,0.15685863669948208,0.7462441585452517,0.3391930191699759,0.053632575911515046,0.2858856013473643,0.8871570329976103,0.698412748902843,0.3393616381233293,0.9066672276811509,0.7402419746743574,0.9070371675077978
Casey Moore,0.3259245270878409,0.8970022478447573,0.8849036397515111,0.3361846357385033,0.5283200326823997,0.49054957249448217,0.8066735474126413,0.1508717893464132,0.19648334562976832,0.6554974949394622,0.7754971879038126,0.7170061856159983,0.5940019024583528,0.013161330703141627,0.5218535723714286,0.34476845352677443,0.7502612840990185,0.3578753990422303,0.9852998523947051,0.3795357038310665
Chris Anderson,0.32251819619989064,0.3956859095726152,0.38084270658004993,0.07360479236596562,0.8536283696078377,0.1919018294094228,0.6182617950876266,0.4779439227674066,0.9025444754096015,0.5815510710725371,0.9975783448981225,0.5824345352357797,0.41958038559395794,0.26643673263945167,0.14864227942610675,0.6725783937502854,0.2931243853376405,0.8706783019924257,0.03860141608022494,0.060727657909831256
Drew Taylor,0.4883693323737518,0.2158368692548408,0.4016946866599178,0.28043833403733787,0.7712488998190744,0.3246856593350139,0.245347164352284,0.051342136163839425,0.6983916523167268,0.36315455304916766,0.1957437752082375,0.5544332986140437,0.015727394613825996,0.9402867525256827,0.5555172998397646,0.19170483349852951,0.16985433808027073,0.5485122579891775,0.5279703933966359,0.4638259780324999
Casey Smith,0.777342622803418,0.06985506681834663,0.37649760665814436,0.5345216609281995,0.37495334036653105,0.9655247397536507,0.972345796802304,0.7926924538825159,0.13885805722398792,0.5822767958915455,0.6259294383893849,0.11693220894716416,0.5178354950941154,0.6226044041755079,0.42847262948111964,0.12509622959798883,0.3261602854444515,0.8056621123997931,0.6231994299620066,0.7558544701787613
Quinn Davis,0.3236721510847572,0.9580022922106174,0.06379978896760685,0.0993604475651284,0.8017602614404177,0.8807556956099927,0.5073749953140976,0.6577054830094128,0.647707137194724,0.07289048511255969,0.29692013231718295,0.6861066113350356,0.269385341406025,0.05333315366672842,0.6058630898917847,0.4952911213239798,0.6015945752492158,0.7882022359272657,0.7778841419029118,0.1672899750876189
Morgan Brown,0.8668725553065765,0.8274230367918943,0.043237361174696454,0.8123648337843841,0.5006676017859054,0.6477594958093037,0.5805947347150197,0.7389059811081669,0.24778814476226163,0.8754497725997931,0.27086567903607683,0.28724539096380797,0.2540716474454061,0.7671330756999367,0.5458547053525761,0.667177184893824,0.2774052020661092,0.10844622836424889,0.45385953401561996,0.6525596238790965
Chris Miller,0.4279478565302445,0.2849946440103649,0.5952194384088314,0.6059731666710143,0.021077825008779194,0.10747234449852738,0.6450486202731571,0.11344461092745939,0.7008176878531446,0.11476729400851926,0.6292894548880059,0.1259701273603594,0.15507412164583634,0.5029623337788988,0.32380018640109465,0.29839476317679103,0.8286785761813534,0.7452234840839982,0.050035973976257586,0.34490746756034174
Jamie Anderson,0.9397754933788186,0.05293202963404231,0.2528541755937129,0.6341642811049255,0.9925385337541555,0.357600019891795,0.32789851181509566,0.18514754540198142,0.9193516749405922,0.6283927058698182,0.9041892126502756,0.18387630169735336,0.13126126474994526,0.23012020180171522,0.3664781359377193,0.49008699922227306,0.055601039279633446,0.6478674635295552,0.17699023450215134,0.18387351524550788
Taylor Johnson,0.5184393695835418,0.594102969724874,0.6017683963277455,0.9098807787384977,0.25698421104846336,0.3561083167706094,0.1334939527090151,0.6083394845771078,0.5593277617870211,0.14839795764800368,0.38813742625085246,0.8037229574663183,0.9781214161443055,0.8152981119808239,0.21064216303540872,0.33193183029116813,0.615373999354006,0.8787273919440585,0.25452844017713383,0.7908156725890297
Drew Smith,0.07080468529694284,0.25908481241310266,0.5605351121360601,0.4639021606988344,0.5966055214769571,0.5714556318458248,0.7258201231777078,0.698847871510247,0.21102072871869992,0.22935547823452684,0.4772601302920485,0.45790537201358994,0.9771240655409497,0.15711611177052653,0.1692137135966123,0.48975940317413236,0.2574096086229025,0.37110736641915454,0.8475248395964665,0.7840372680603223
Jamie Moore,0.784762438137475,0.7197169806233457,0.7452132513322044,0.5480324967246435,0.5767347195356706,0.44744033759614255,0.15768297667640596,0.6983192003468845,0.10461388760968804,0.8480088879853669,0.19048474954112848,0.021493841408599224,0.1422777266032672,0.07266155291164589,0.7032056265924417,0.17998128146570447,0.21159851088646087,0.7429045151265163,0.18153861935155358,0.10650262855235548
Casey Anderson,0.6378660479631889,0.4639382312856758,0.4230486040272232,0.3547590315848065,0.31619264179560636,0.7783405677390227,0.8787673858807454,0.6120601906733598,0.6648483603795594,0.04868442042058618,0.06562547347785685,0.2910096424185532,0.30975944188098714,0.2011332945826244,0.4515287373820558,0.2038177930053402,0.6948961275762252,0.09456787586817228,0.08673836988077088,0.2616093393410305
Taylor Brown,0.12845739544767887,0.6749745510100008,0.055166594629786014,0.01971980389851069,0.19170646924968138,0.9293035764492767,0.07047313832515345,0.20924177662470278,0.8515057175958997,0.6098446218864351,0.1553296709231956,0.008043947490808612,0.05079025639885981,0.07120847521388052,0.6611147659841027,0.837773817233073,0.3912007053298592,0.8855795258315052,0.16583326686501132,0.5774620573865448
Casey Miller,0.18915665136260018,0.684414388672705,0.2531974386995659,0.36978059270902564,0.9581535256212472,0.8698368312124836,0.13342182019673576,0.9319982939278671,0.9478810340297077,0.7262929766925725,0.6892348763678587,0.6869287838154731,0.36000076477865206,0.8479385999248378,0.06551411372247751,0.7644631167063672,0.5266036787673668,0.05520434233331961,0.5769274809313727,0.15807073458623022
Chris Smith,0.778002962470821,0.9088463270114339,0.03815327899592569,0.5370003511311502,0.8146650984802127,0.047930919743090494,0.2552713909247295,0.3365912425531472,0.31965675560723283,0.5581847564852234,0.41502638390289537,0.8059095842090531,0.5067094350967382,0.8660826357383288,0.7437088472052774,0.9769677968322841,0.3740160044182754,0.30450799952499863,0.3985864611152993,0.5621688434912471
Casey Moore,0.23681476070680563,0.2712600909612193,0.10576196907003388,0.6249936031052805,0.7102950792695197,0.13096803021277847,0.3928832207317544,0.8397436454518404,0.5003000772415052,0.9975116154403623,0.3360671749949463,0.6201100840436835,0.487888013589185,0.6809794394180443,0.1911324640346802,0.3300668598767911,0.34618740970163653,0.4868280836193031,0.6020633188929678,0.2171531249205001
Morgan Smith,0.2491926352150522,0.09093163265591386,0.8563753399986616,0.8026363517320901,0.09595097020510046,0.38327691850815193,0.30197780193653634,0.03928799789586501,0.36067691225348675,0.1367235178868691,0.8852822212417399,0.6166463719465118,0.5538363616355158,0.4909207177497963,0.41725072154929577,0.18994229810268948,0.2887280478632287,0.6145815000077445,0.019451254598618628,0.24272921031452055
Alex Davis,0.7283650462710968,0.4895956836969788,0.39937469555231186,0.44042533238191295,0.8430000891606287,0.12930949973359152,0.025463421532331276,0.20234065793854183,0.10692002362224873,0.8978782982503029,0.8529944189933196,0.5809443551111925,0.4770243947816244,0.5383337380147194,0.31117987910270895,0.08040314516517955,0.36801721253443165,0.40142895845454796,0.46296616762391896,0.047924108047382785
Alex Wilson,0.9399157718680085,0.1317042983632879,0.32266613367169994,0.5195858611772514,0.27550220875300624,0.8466216148165822,0.04978869717965928,0.7053209946357271,0.14995710613543456,0.5852632596466948,0.9763252982658531,0.32368327785185447,0.26838500466260795,0.8243199202252124,0.22317387733365535,0.21829611233031676,0.8941373361706569,0.11971471231288455,0.38217642148759046,0.8591258661681084
Jordan Taylor,0.10320294427804333,0.10196115743117562,0.5476766938441657,0.963120078929032,0.2994615014176004,0.7481788331372135,0.06356484681016528,0.03248042100953574,0.8979119965712081,0.0901101396170172,0.6912413852936298,0.3831823153182957,0.13158661443780262,0.7475561515494158,0.2798776852318473,0.9280070851570651,0.567876512509946,0.5118363822424393,0.5560629517664822,0.05435691574872037
Avery Moore,0.5853172561305692,0.2531289769508912,0.5426878147943391,0.07429234426084019,0.7727634669701788,0.24354648547229218,0.3797755400200492,0.1801064505147556,0.08814147739325884,0.7470204245554015,0.8575095970986497,0.29380461825824566,0.5206485938125258,0.6303941473420426,0.31783882361134563,0.6992877894080943,0.535942387544763,0.41588809101473667,0.07974585409813628,0.6366538978427864
Chris Davis,0.4212143610865976,0.653677800734084,0.25061998661382745,0.49388258866704715,0.8257082757968615,0.3866783449221416,0.8435179555134337,0.17552975043175256,0.8480516254794234,0.036541591168592236,0.5423615041139818,0.7911959929753926,0.7889100427517852,0.6335918147201907,0.8393126197119256,0.40200937413781734,0.056170797739244605,0.5976515341524757,0.05968350468408545,0.5942730180705172
Chris Anderson,0.5128618149567991,0.3460730179163538,0.06764812436978007,0.004208247569414514,0.7050406243080142,0.01902214488691656,0.5271249675191837,0.6719725548427863,0.7182669495109077,0.20046579069502757,0.8215205608359274,0.9779742457369149,0.06793577446941634,0.49330091861193315,0.6867330259109176,0.5126526632536754,0.535285103376588,0.701984690556799,0.47354822589807166,0.02495765897080704
Morgan Wilson,0.05528339881522282,0.3598325391171364,0.3450252154086014,0.8212674652518103,0.27515988011720194,0.7444871994857627,0.7600157629049198,0.5688143281327209,0.2599985752918563,0.2475245626562994,0.9854362451159453,0.755844015147974,0.4478611070052375,0.02990114659721732,0.8402818563973201,0.5265866456290363,0.06167777494189486,0.8212818945607706,0.9185978856664836,0.03213370907105195
Jordan Taylor,0.7838444331609654,0.7720133599578427,0.7302607625061343,0.5467833488144469,0.08392855906146923,0.47455481283140655,0.7758604860772166,0.2286025227230971,0.2777055117854744,0.07759390434913582,0.5586894283067483,0.8332925886418493,0.5718993404374617,0.23251147682075823,0.6613320526302369,0.9696737679267484,0.2342119384298197,0.7759541287210778,0.44327127430245594,0.658298449077854
Chris Taylor,0.351250240889174,0.7200846537899148,0.41137984396097727,0.8618857752977598,0.42059519136265333,0.4589256562629731,0.017297636579351683,0.6563713693199003,0.571020365387897,0.635927262304304,0.552037658490471,0.6739636145962039,0.4019052225529989,0.11586430668099179,0.20714640321907263,0.9333039750430132,0.2696083913958607,0.7962628867557789,0.06861761837415914,0.9646901205527152
Jamie Davis,0.9707569391251779,0.07441322411273199,0.8227151635486176,0.9403129623871065,0.5666123505887078,0.5685751645933271,0.2061941980757983,0.9773307995362258,0.9112966096121068,0.07967073114907297,0.9413026679237364,0.9393152928873095,0.4913093805661133,0.9555777066695152,0.10946728245223303,0.014112191305627686,0.5484855796533489,0.15939761621495863,0.34771172610715395,0.8353324498188109
Jamie Anderson,0.2884075923324332,0.9131433853535456,0.5866004015053613,0.7509588955100349,0.03969110415906962,0.6727379157049281,0.8904040392784132,0.1507441632279901,0.7209281800429915,0.24892309400758528,0.48221292814649885,0.07965696117282306,0.9650245292265028,0.017631626443786685,0.6797238870082214,0.7352664687744537,0.7684142574857757,0.1830078571711713,0.5185524715904387,0.10985178503493087
Taylor Brown,0.1839567513988657,0.6993418815142819,0.0857478710866727,0.8064216589171395,0.8933981073549001,0.02675213441592217,0.9488784737272611,0.21483041825139693,0.4860838271603901,0.004696814696474649,0.5100509174951068,0.0961640796453388,0.9878342993159669,0.04243947384782676,0.8263274637125152,0.26257875745453374,0.37799015629376964,0.10574636450055797,0.23329074513749226,0.7247396330221116
Avery Smith,0.5998460105969367,0.7279106599839095,0.9297964357864199,0.8583418847327574,0.3486753886050066,0.38404557944570883,0.345490835762428,0.18153800193065572,0.287491554345648,0.47913039316233286,0.7354853778448271,0.3203622880886783,0.37293658892137427,0.22871796389464727,0.739223069453697,0.5505915735199677,0.3812724882021117,0.8522098708011016,0.19804297155847317,0.550083841994966
Avery Johnson,0.6540499617625976,0.7690588012815632,0.8299514984988794,0.6658874921438519,0.5877253491462091,0.6500693330949342,0.5171797212134168,0.5163129032975831,0.7551255572336468,0.13605072200058121,0.9387132436204918,0.9269288341265979,0.7067264636326299,0.22474979556175856,0.21642673400729495,0.9839884015575425,0.7103644970787877,0.40255961794166695,0.026991199652108055,0.3238624301409637
Morgan Miller,0.7670596192124911,0.06716221850032267,0.37788135600267536,0.2076928997734021,0.06378833763205094,0.3431132564774446,0.5105843186996484,0.2911112119711059,0.19664631333507054,0.45493590674735473,0.162719626933846,0.8710851653141788,0.5363664091064131,0.16512759878183425,0.2811137295301136,0.7370146862014768,0.46690214972957556,0.23987722440697945,0.9517874105534829,0.9188337535430497
Alex Moore,0.555983318907948,0.8423726991038591,0.4147512988024691,0.4052735118768306,0.9007401942131874,0.5522988641737816,0.8634350295938773,0.6490709928928148,0.0801818080586637,0.54183585886849,0.7018395696302456,0.06825111780048865,0.029181660738216264,0.5521890791596408,0.606107911088402,0.4839420772685217,0.9048521251282323,0.4868778197408662,0.2612444471719473,0.973881843936075
Quinn Davis,0.9032585506201919,0.34690666575077456,0.3011657918974989,0.03744529607057101,0.9899362483790645,0.4862735889763353,0.5805650903465995,0.4085995395551979,0.09710325024708644,0.22751902031342464,0.7641191850296915,6.671176566386272e-05,0.9224311707105137,0.3666505369517745,0.29996626891497125,0.06363866794010609,0.08318848674480606,0.3272110862232215,0.3110352550516461,0.7679012015718418
Drew Taylor,0.28864997536463777,0.40325549035493335,0.15101270919859933,0.7310343140548813,0.3235687708606929,0.45393962248780806,0.5855751860316827,0.6202746662939024,0.010704230126890923,0.8707821655256073,0.9087170774269259,0.209509188712104,0.05604561700985411,0.21694791361101473,0.0935766477732497,0.28834345472553014,0.6086685376877653,0.2617559633829807,0.2851380529904468,0.6353481715867806
Taylor Moore,0.08177057399801224,0.8845559246085987,0.4355040948215261,0.433626141791848,0.3873215773913581,0.9686657242650989,0.18649354701373122,0.16025097532069488,0.2339105446626396,0.8960167817354712,0.5947303715498429,0.2711042826929494,0.2569011892807548,0.2315650768114338,0.10920837083820356,0.7198497605446231,0.6573573299904096,0.5392453205153905,0.46019078227026566,0.48577610919000946
Morgan Brown,0.45734401984264916,0.14251540801336526,0.4371925817164287,0.3720339087245761,0.7453627348730961,0.005317858930672603,0.8874738235789069,0.30376745517763604,0.9687618020429191,0.5742363917710914,0.5960027524200294,0.25414906981331786,0.8415125611006911,0.45767684910311923,0.014059253583622922,0.8922822695395497,0.19388111992091295,0.31840706856954415,0.5684235271147855,0.36032905356304923
Casey Thomas,0.6768490002678132,0.0703051037787219,0.8471375919216942,0.8407674421761084,0.2932757027082302,0.3161878745400821,0.06715050358223895,0.9214058380563598,0.4944096581749422,0.8533686819603696,0.2518286571881557,0.33344753839154206,0.5776748605582066,0.9191072702087496,0.9790336144185703,0.6255548442287976,0.5855473598997198,0.10993841042740848,0.5002688914903397,0.5509767648374237
Drew Anderson,0.7712790014774011,0.2828715869961529,0.47324647865287317,0.9690796513267144,0.8938150827479114,0.19464036112187255,0.25300007402755575,0.09580751150718625,0.8708378354566586,0.6876478150981762,0.6644191747775106,0.3750168810633464,0.391040279085495,0.25019501496010066,0.024933020510840787,0.33171505665936907,0.3754144332380933,0.14375553874519298,0.9967171289431839,0.7144225945572078
Jamie Miller,0.8367202668196235,0.9638819027351777,0.934089332031369,0.340240124477288,0.4066142683565923,0.18077697415395655,0.4331479830708761,0.2933256052938963,0.6378921518545562,0.20222851903942118,0.10737662622658262,0.1879007968006272,0.570461844358524,0.05197850511066904,0.257270997144598,0.2651780617152223,0.2093102852370503,0.3484761584466607,0.09416016777059899,0.28772485008478443
Jamie Miller,0.6168128224005935,0.004110701573114994,0.5387586543809256,0.6383820534955089,0.8146684836231112,0.8833923947036411,0.2003274145954812,0.2910342226090269,0.636729038962042,0.5575129189189725,0.41713733226967786,0.4261986156539528,0.3020640702667412,0.9926842832335429,0.18704793681514686,0.16131797980367135,0.19109338332276016,0.04293456064543655,0.9147197563832602,0.07975215578667005
Quinn Miller,0.6263925441898487,0.37137226030046067,0.3073965858653481,0.013054981374036934,0.3626420776702083,0.8971980565120558,0.2565509309525772,0.3858082001512315,0.4423354227524341,0.18678635431718005,0.07555621539637403,0.3240342298985369,0.298104639802965,0.9859887223257373,0.23624223054713456,0.5416713645210367,0.49908100574206893,0.6080254294534172,0.29144824144507975,0.09717371912529604
Drew Thomas,0.023499054861328195,0.09586993661644916,0.957374720838734,0.5970290375051462,0.1772660588051871,0.40837251377357,0.5058711294596533,0.3088222004456289,0.46521934530169884,0.07333745037388051,0.9891027435032302,0.19792324029454011,0.43521430482483714,0.1115475033230301,0.9274601667710098,0.6414382047696896,0.5355239434506065,0.8705234222447787,0.08625057274524739,0.42945585426697863
Jordan Smith,0.1395026538636457,0.7587797207532111,0.9200721645842035,0.5312064084434416,0.026990263011751447,0.9241465268728501,0.16494886236057027,0.5091330212376954,0.6503304717867697,0.8860458624535675,0.7752237980222851,0.6193415352984357,0.7309922631196325,0.6682653736590967,0.7530152182968342,0.40436090690713045,0.07481790032332736,0.39494109730382987,0.7853830869733059,0.3044833019913241
Quinn Wilson,0.014899935070987969,0.8720351997737545,0.022439247045884292,0.4545206722122912,0.3596752513190574,0.7397294484172683,0.9988503735471496,0.13195995014266415,0.4622434172168911,0.693171742365982,0.31764011768700096,0.9202192728349547,0.04164829473772602,0.6387419970174116,0.10955878327339963,0.5728949439498032,0.8298065921948147,0.7087766369932289,0.5341383349815109,0.43895868579649333
Chris Thomas,0.847928449794566,0.3324307703390543,0.8457204864600671,0.9807149579469602,0.08980957621135655,0.2020311450168213,0.3158297144147244,0.47527020882692994,0.19654162440860923,0.0326470353357452,0.6212532419972733,0.3507787748160267,0.6583675191064948,0.20403524459249345,0.6691335631739627,0.40210264352200165,0.5815258917176005,0.9951147367166826,0.16129777153954816,0.5762025755086028
Casey Moore,0.20907182162247406,0.1772354830370081,0.5398799492053856,0.40566525887173166,0.47644299116444955,0.2897962365372778,0.8520143780016733,0.14838412627264075,0.16394245151060394,0.6960936388311484,0.9404054829993801,0.9349186538368722,0.7008912622708091,0.24256977525892776,0.6148329251946365,0.5030928708694813,0.61379469328955,0.49881088089029835,0.9983167067530997,0.7402236426869772
Avery Thomas,0.090826687377902,0.1239660510930356,0.9458631374637441,0.18206679029793493,0.030728466621479433,0.9639802778326634,0.05691770643581151,0.7266815330642349,0.6923987890372724,0.15941369243568138,0.43437844147889826,0.16009407673623244,0.48513503463730456,0.15206804627559667,0.4820063907319384,0.9079443978235439,0.8352210550620665,0.41609489252054443,0.45388257522492226,0.04127118583137557
Drew Davis,0.37811795525506264,0.2679955395304131,0.7412932112049367,0.9990704295248554,0.8614743034995799,0.5593136213183696,0.32852765718707866,0.2669101654457662,0.9183180981259775,0.5689830806391771,0.4630017085701851,0.4587326985097858,0.6329473893996176,0.5872622574271632,0.0798686988881594,0.12327514622830404,0.4232097526116849,0.8589240910411049,0.9841258307716404,0.734286484088902
Alex Moore,0.7883800694155098,0.5589840828005989,0.14410557918307032,0.5997082860564383,0.9522171788442555,0.4838896154053125,0.8431585171412594,0.4713924231041908,0.9438276765434455,0.9598490895360414,0.17685365420835675,0.7706679742913632,0.666071956232694,0.1440018837146576,0.8163422979181123,0.7823334255147653,0.32191702592624216,0.5677650917606866,0.6386364478843901,0.3740220762454102
Avery Taylor,0.11317403732181375,0.9953534486270057,0.9691395181523849,0.6977141658580347,0.42811497741341953,0.13077598310008032,0.23119403830114515,0.9387800364669865,0.24040211741156237,0.7388426037220752,0.6321813669533398,0.41265477220036095,0.3540945731058517,0.21922705878511495,0.5085882428818602,0.3561086762760318,0.2945536224652284,0.5118286819307913,0.5378653947451748,0.28411746815497685
Quinn Wilson,0.5475183281255142,0.666106500403977,0.2898129713716945,0.6225918354686427,0.07583445908335018,0.9252570373513019,0.8476808996416272,0.5814098465671835,0.6429647599934177,0.3888900889565917,0.8713357259186245,0.08594059543498622,0.21180451415945045,0.7096087704977715,0.7451653789712808,0.9040218297268043,0.30233373008800324,0.6985896246804357,0.65123450652488,0.7861024867220134
Drew Brown,0.465896632935754,0.5120030248136616,0.007546967062043053,0.8392063223713586,0.4633652641082395,0.8029308387879847,0.8230945372882887,0.5061069814082524,0.05618350521422166,0.9959572827321327,0.25789905539738367,0.42577733296510634,0.726434742525511,0.6806585589799464,0.6363500959810218,0.3831135186332777,0.632279331376833,0.04496715776241267,0.9385726828893308,0.762937745113853
Avery Taylor,0.9717710978047847,0.9925150567926871,0.6081306578351964,0.998589910497211,0.9757777473133912,0.6667512930776947,0.6518553067958468,0.6765033215162439,0.5568829631772838,0.5518022324448207,0.19479854295721466,0.360806299981554,0.31132362306538097,0.33959923635686884,0.19730869982146648,0.5552129419244559,0.21517963546201013,0.9899214044019365,0.14847258460406698,0.16471853353945176
Drew Thomas,0.8898777056560292,0.3878089915596612,0.2458088304091275,0.43864689240819543,0.6677381562022511,0.29697026369474044,0.24848058636788828,0.9860058124601598,0.7455063925979992,0.09268416384867006,0.8226740046863943,0.6707177280321254,0.06323351586387715,0.06730965430303759,0.42434467941609455,0.331583057089173,0.27864322447162704,0.013173448903901486,0.6007876264593275,0.07557236276276635
Jordan Thomas,0.7376534765604711,0.4875317202137006,0.16386888406093258,0.37484831634137517,0.19713417655417398,0.9754417914908055,0.7830053750537262,0.12826389588809728,0.4894759234316082,0.5305948673739976,0.5825266546741329,0.9508008154633677,0.21697799338792978,0.7929140255250545,0.7245206359062153,0.6917512656887989,0.24109548124262192,0.9818901213621501,0.5952607922087332,0.7864665121169084
Avery Johnson,0.5797529158548709,0.8238745094612027,0.2649536527960633,0.644586185070135,0.5898772438775591,0.5576560942011174,0.4393826606341602,0.3722973582305674,0.25449295507369096,0.46074998946683465,0.1415768177687775,0.3560221087393006,0.6189991876206802,0.3865991497088531,0.19892449787529798,0.3498771777044968,0.4419302729218404,0.33321662907593275,0.14844388890584825,0.09030123477932472
Casey Smith,0.12408578780047097,0.2433933463119875,0.10575945568843048,0.5270930569595582,0.6845005881878153,0.2233366675178039,0.7514618422715259,0.5246454460962969,0.8451029917282106,0.7802364497483086,0.18637701854184285,0.1306920126925244,0.8858593251337263,0.7610710067295697,0.6053279792344579,0.5305873983886212,0.8606737005375233,0.4008529521864833,0.18816851202953155,0.4280588161775467
Jamie Thomas,0.7171584291381581,0.3232262714540959,0.4267290489272786,0.4343041991978871,0.29265865458762785,0.10538114951866906,0.151120067245627,0.3645542096809349,0.2610298472860554,0.9811771033448761,0.48493827802050404,0.19111444531783195,0.10600727751249028,0.5533916212697821,0.8986945895446113,0.660742379552718,0.3774360348104212,0.9027984035938483,0.18675480270742972,0.4877151549645431
Alex Johnson,0.352563333259885,0.13259838616857889,0.3008105859365956,0.41534471096995484,0.5506564559710405,0.4756177556807729,0.14231293187464034,0.9947745685832902,0.1385581622559613,0.33110279067726633,0.7899936482929784,0.005864503700784285,0.803307487646325,0.2305149402154777,0.5774969484989282,0.6351981988213676,0.12255254629829171,0.3714880656097881,0.6171071986912974,0.7152659786684743
Chris Davis,0.15507424230567035,0.12390024789510745,0.24588178383830928,0.33077733287693145,0.34252239502387327,0.4989434542194503,0.8621808908383789,0.026409177030765396,0.2621211331826272,0.7637660514377939,0.47982821625718,0.4187755622441719,0.14034647134120937,0.6280267144783275,0.5436947286905486,0.154692092937448,0.9375375728286384,0.9556019952513176,0.3951511661021814,0.5903579201695703
Drew Davis,0.9442974533334438,0.8340759081873315,0.4418171246885392,0.7069615917368799,0.9342968209898163,0.10363717204201761,0.15272302406879712,0.12401407035890666,0.058882815920919596,0.6989089430525836,0.9520907456162089,0.08645336343919141,0.2554941330549121,0.5522135544628716,0.8446119245126612,0.5820559073496492,0.02071361930455695,0.05211105966267293,0.41827408929322507,0.08056971399160773
Taylor Brown,0.38018964969947044,0.905642903162989,0.92729023613477,0.17833063766323043,0.4842780288350781,0.5102215729733433,0.9853906393197119,0.29158422217336544,0.15686429932480828,0.8185145849757095,0.9490006459044485,0.8516163060905638,0.4688412823960608,0.07132818342279368,0.2364002223397167,0.493201873321783,0.34129938569627005,0.3353116048347152,0.9820166456264775,0.035548192956128544
Morgan Brown,0.532883499432063,0.7135840137813636,0.6536114142306122,0.6985649016893768,0.16378145851326464,0.4406236888725785,0.01684900933371203,0.22580561045073688,0.9267990993701843,0.3765543180773613,0.4504315632698742,0.9957242416189757,0.7950795768071224,0.673795853135667,0.7404480165337046,0.9637869623493744,0.15812996974282878,0.7028111532334338,0.6245297254674317,0.5602982062532443
Jamie Miller,0.045598625851401065,0.022995874863420473,0.7140439409654843,0.06854050068602602,0.45599125666679485,0.32726101769662297,0.958662212784618,0.9817881540281552,0.5558312999922999,0.9312634736155382,0.171647757921625,0.8339224373780331,0.3448404568977862,0.7492020300898167,0.15310160152065633,0.8248015392507807,0.1807056908053264,0.6764122180572012,0.8882152093631774,0.9260509595181694
Jamie Wilson,0.3479799039839554,0.20321728550053209,0.7581623364952612,0.35742841409714265,0.9358227393471066,0.10648642327251157,0.14719259294626008,0.790292703396297,0.11673642163391951,0.2606972583339552,0.6993487499948886,0.4369834368613933,0.5837930234696274,0.9647591519902059,0.4701691183465698,0.12908810424599504,0.3655715620642773,0.849237929309278,0.5909325299342902,0.16282478145955448
Quinn Johnson,0.6729751280075086,0.15406710932764234,0.6405036073624505,0.5922072827117487,0.36763491432372974,0.3335240747112541,0.13099637228304328,0.018456162890074568,0.6097125686267515,0.36738011457940867,0.7296476230792783,0.37486780573482403,0.6572799938301971,0.8684392937717728,0.013948677027205258,0.4741497035845156,0.587496680541828,0.0050362892861168795,0.4888955442003352,0.6390090577752691
Avery Davis,0.5026023443000195,0.7877108197633258,0.9472719785523337,0.1536928468086488,0.10458235624199597,0.0743418528617471,0.25098077240703087,0.981635056658077,0.6426747084980811,0.705188196343328,0.4316369652883987,0.2580860149495302,0.5024315521565297,0.1347274790317592,0.47130347675468354,0.7680745704133632,0.8262789551113036,0.2897641265799742,0.5432947125670119,0.9480732901496555
Drew Johnson,0.6119508525133301,0.38331602195076153,0.6565787804582107,0.8347475931156275,0.36450965287505066,0.18855941432817347,0.7577192545359811,0.7670314620871792,0.6016742509888816,0.49690492052076096,0.26855069401715403,0.84324290950586,0.018987247770703042,0.8383708569833094,0.9081511844645852,0.16676405602864364,0.47263810395659045,0.2591438710442847,0.6059335556158837,0.5245727214690971
Avery Miller,0.13176051301994052,0.40499500664613575,0.7518043094084096,0.8627546373794638,0.6443582743562672,0.24818771904029913,0.7167516805648286,0.8360204324846895,0.36765463652490127,0.6538735314873555,0.23689156485192608,0.4912816815247397,0.6254425454241744,0.8998325214640557,0.19131742536956298,0.2583393408976242,0.5150570138021383,0.39695624460053647,0.38774374334847395,0.8119544387422926
Casey Davis,0.3340792136270958,0.11418341088758754,0.3724255740400506,0.01549121858715874,0.4882022417602415,0.5390445864431995,0.09806921169052019,0.851547718733874,0.14177515950746622,0.5722917727938156,0.030300310964606503,0.7954468327381329,0.5273692020690881,0.2018446441374121,0.6886493334564922,0.5116861598792555,0.8442358872377641,0.22883714997870952,0.21786354025597143,0.26956117441335525
Taylor Johnson,0.634235968628608,0.5382751124713622,0.13612347359549382,0.6955289928299538,0.6025122001661394,0.6516035313795762,0.14914507152800627,0.16164675880130497,0.3565894625317714,0.7626657231042504,0.8728671384050639,0.6714260088395789,0.6083814947725925,0.7975471590313913,0.5662037218126209,0.04514826893726309,0.4898213142324639,0.4229554527875481,0.7339636949050535,0.9977544264841697
Chris Thomas,0.6411392115300126,0.5614636805876969,0.0012638363778137984,0.13762304215807974,0.3050303603947534,0.47982536203021264,0.4798009255113296,0.7886307605703778,0.8769310095647996,0.32854024110905955,0.005898123688879875,0.3001003034715827,0.8598573800610658,0.9889872145014835,0.9684058755899468,0.16989152161632803,0.7752551121176814,0.30504239186000426,0.7815184234768204,0.3260289015172113
Alex Moore,0.3540016913995456,0.061414062852046425,0.669693680339682,0.9179316163949265,0.15528957709661573,0.6701252434485151,0.4095383447578336,0.3922733293267582,0.3332063054608404,0.6492629823774659,0.6307605438386775,0.6497802703863408,0.5911475230696359,0.3588529428161321,0.32180025415998503,0.7253894819198347,0.01630472029160679,0.6623795547515117,0.18679712782130198,0.3101839735763573
Chris Miller,0.6140563993756035,0.17539278311329087,0.974506215256988,0.7323354136502996,0.25285173707857667,0.9851085357953426,0.22405125815475602,0.6577822262371701,0.9006671105834057,0.18744177380807714,0.9509822947491877,0.9924646006597626,0.34477420086270727,0.9274072811272771,0.49871756946407453,0.8587413178939454,0.8043248169878047,0.5240778706537095,0.933015620393321,0.8896264291637028
Casey Anderson,0.03877199911923512,0.8438632702797324,0.6449664365424562,0.18920094971056034,0.8999458932701033,0.9235777101917936,0.11469698575593101,0.8106539419375947,0.5872353617475689,0.04786350456267341,0.4131252208969598,0.05319969415179493,0.7537632043908016,0.8210121871576327,0.23633720051209683,0.4142077319217182,0.6944640787737753,0.9526973292337483,0.3367882962370289,0.7916720726371049
Casey Smith,0.39132025376671475,0.4259862664150521,0.3846351738631979,0.8851877167016281,0.9863790361320193,0.08410141566061446,0.1851057926989298,0.7216327103234758,0.7385020040569645,0.7236362341057169,0.5955059247661907,0.49910526453477355,0.5992950453520695,0.49212632623360464,0.1323253019858397,0.17854753823782166,0.7623563104161158,0.7193452174594416,0.6497426858560025,0.5222977527044018
Casey Moore,0.6471418458262945,0.1592431736928881,0.46652959507654257,0.6928108179377055,0.29145862117614507,0.8498902659710124,0.3780680547056128,0.007507105632079347,0.12027964043588335,0.13265731755938592,0.3253041104927724,0.6608645240548294,0.5146202850669006,0.08622180174293781,0.8480725100479721,0.1273158629747283,0.21344799672875692,0.9693947024541161,0.9439552757824192,0.0697457214992917
Chris Taylor,0.7980690138016219,0.9080343600344023,0.795245953288941,0.45870978606321855,0.22485480482091524,0.037995678513896514,0.3059479051128241,0.07152738337845721,0.7511427474860994,0.4504013133256465,0.7328969073732,0.5001532295215746,0.9698929546942773,0.5500322790091358,0.9252283858286773,0.4112784787358612,0.928239349939959,0.8128144000137151,0.1309201307837149,0.24864168243785523
Quinn Davis,0.5269650374245205,0.509453504926123,0.29196651439697807,0.7315496133421849,0.7113662606046075,0.17345283472345718,0.032028315081223946,0.02028355350022526,0.6775183087462879,0.5205315713961416,0.19083371036573915,0.1980969598022989,0.7953633895591684,0.5492896231611284,0.08797750710467633,0.4813398369195515,0.10822459753726321,0.7547912613578689,0.8349454039785427,0.20313402682460446
Chris Moore,0.7325461836501996,0.9392542520055307,0.8737781087987124,0.7253857195094983,0.35112226589144924,0.4928180197884724,0.5166770300128333,0.17408325478948272,0.007317764894060552,0.8672557811507636,0.4975739866687643,0.7972262931385297,0.1599632943396242,0.13786603886931148,0.3149883633391245,0.4531234809229796,0.4112759291440825,0.21134290287718804,0.7043811479759684,0.7306955906660121
Jamie Miller,0.2044803072467941,0.17947939987128814,0.6457107072895085,0.5663973001380626,0.36523033166952845,0.12222850292837417,0.5932002007707843,0.6774664325236848,0.8467216723679815,0.2132680539282844,0.20605625318995868,0.027320067537518478,0.7659638583727861,0.1892351667454536,0.2596552957138377,0.16890868060903363,0.3462998180770479,0.7898485478060322,0.6258678411957834,0.8657082607456893
Jordan Smith,0.5216700410605292,0.9664649598328373,0.7842138713699814,0.24456690699274264,0.5858853444931851,0.10084817417883152,0.8054703774630081,0.11280930510321896,0.8466310365468268,0.7359071654498872,0.9556042187873315,0.11000591085709999,0.5329350450135452,0.6294534898986563,0.34113229021143987,0.09517368855296238,0.4734820726950404,0.0981723146786535,0.33272285139161006,0.8552902268216098
Quinn Johnson,0.1959118960022317,0.6921042840188147,0.33101818460599886,0.958237796102866,0.2655090896247715,0.36347723509169827,0.9170269778363034,0.1375399998677368,0.9075641956020108,0.4707580536014647,0.6933055188311731,0.1848820860172642,0.2251870847973303,0.9109558067188451,0.9644183949206155,0.07673673686911098,0.34194337293722277,0.23653604190309463,0.8158662632983632,0.22463580715793685
Chris Moore,0.43167915366860543,0.04644881070702622,0.2478438717048902,0.03747358176506421,0.6084249378335229,0.6338172944651138,0.6377659112875325,0.923878048646411,0.8681815660872906,0.6172713922879689,0.3087488776068946,0.02054529765000568,0.8187369105092254,0.792715511302115,0.9463922486375728,0.14711576754236844,0.25675677653792306,0.9114933819346643,0.07125564454385547,0.2968603763704881
Chris Moore,0.5503757134926306,0.6699399618801164,0.7093326218931085,0.5883587245816876,0.9819559596680282,0.8477978336990509,0.7578813071062607,0.8517514326610952,0.817286615584982,0.7752913850277111,0.9614165830352253,0.12811740671051575,0.16201749143305832,0.3394328180534991,0.13870038274182594,0.39387105194716554,0.35819552340828553,0.7779789896781397,0.3766811862172975,0.8511870555514713
Jordan Smith,0.574505000265927,0.610898151072335,0.43684706007194274,0.37707026746480155,0.675988876602704,0.13716723515037388,0.5972801809296816,0.30610265139686255,0.10052360372428437,0.7616351578795416,0.9902405004158022,0.8334824199472877,0.09669409548241015,0.9218129895992209,0.935851107439522,0.8090241407300158,0.8201133101167938,0.13885953873576862,0.6748645767844724,0.27052318760543226
Quinn Davis,0.7644807925000524,0.7568125989126343,0.4568203334610714,0.8680734783172186,0.5196224437275011,0.9733193395600627,0.9974692554442111,0.6077217467623618,0.6739902786675569,0.21205071784586027,0.1297643839566367,0.26148540755434446,0.4490485547031624,0.3630376816116476,0.8573874074643163,0.9116763714597091,0.3456652081444519,0.8574391706289604,0.013488624484923717,0.40002469905084503
Drew Taylor,0.8140621506392814,0.6273795491511427,0.924229629745118,0.9954575852971105,0.9601649450182761,0.7433936923629695,0.06683385282881349,0.06341425956789104,0.4354837863466299,0.35334167062995947,0.7601070303863046,0.052054406254408714,0.6120928382697033,0.19228161378926967,0.6143730902572218,0.32525302990783267,0.6246122112441703,0.5743704852204421,0.9338200646160958,0.9904592876180723
Quinn Anderson,0.1963030595452413,0.4703906153267067,0.5388469722760989,0.5972829203260607,0.438455030618366,0.46187166230127275,0.32570203972103784,0.43034019558123315,0.48967790166898695,0.2733988870613471,0.4552311503764864,0.45364201107455404,0.49230235848240245,0.3132535692603391,0.6723879942044676,0.8603232744309519,0.7760689515628534,0.26453644816229505,0.5735820791518299,0.7525913435613134
Taylor Miller,0.8883522262626982,0.5036903188370713,0.6082691981506765,0.49386015837559627,0.6845012172874019,0.30120520685195784,0.8794597585755644,0.36842579174824497,0.25876509546032056,0.23644634380692087,0.6234841061794005,0.7996329763244108,0.023286847353424678,0.5463634945793854,0.9357638333367551,0.004444449537441497,0.817838025829338,0.1521432261860728,0.43347772381552674,0.7745482497164762
Casey Anderson,0.2169673978668738,0.3670659166085156,0.6216736068195031,0.9617849980300158,0.9671359370830142,0.8543882994224594,0.23619691539682164,0.7862024825249668,0.31406277490309586,0.43519915517612984,0.28687183320602727,0.5406305380976558,0.5489386065985603,0.04073119025579741,0.9643119111936197,0.027991034784581537,0.42702292657039376,0.5953648599677285,0.19954832503838138,0.4174888640640523
Alex Johnson,0.07846320864088163,0.45206409303341744,0.3911025012733397,0.4911494958794038,0.30967315453504807,0.31234473424408316,0.07179133357794443,0.6667616368582818,0.6628731163179493,0.30234217838144883,0.18660414831091454,0.7841132790672524,0.15760618390758518,0.056438849876277786,0.46813937764531377,0.7543910278039514,0.24854046097846583,0.46847293939608603,0.5034052901591357,0.4554675450563733
Alex Wilson,0.10655173130720341,0.35644194735091106,0.38054710537652225,0.3214012101503392,0.3658774833040491,0.8960793560039256,0.8133282487748053,0.21282950656232869,0.25640841187069485,0.8510514304659572,0.27109381174150726,0.8819440803511558,0.8955358453464854,0.0968704760909257,0.000785155305830898,0.9879405351936236,0.34361081590420406,0.8241809434369213,0.3203440380937954,0.6754639666428884
Taylor Brown,0.6033888858616865,0.524106686023164,0.6863025188362827,0.4590279734882875,0.8375036463626884,0.589175063699541,0.7693677515283256,0.15518937047656012,0.8421951191301839,0.8701696045493341,0.0004255582908081479,0.24056011979939007,0.7184581318720181,0.19304508736757153,0.47780875825962976,0.8554484991856317,0.694474792636598,0.10445168195391574,0.30229259661443886,0.9334550814351366
Chris Taylor,0.22371447985775017,0.5826280594331543,0.7917977681889983,0.567596351349862,0.9843946377908759,0.4706995133505698,0.2944544479851383,0.6009984662272534,0.40127687364724784,0.7517346218618249,0.4471018644767514,0.1415595458752007,0.5500267124131145,0.8506884117660307,0.1464048634917704,0.9084115613979706,0.6238411392143574,0.8799921725426806,0.3761094903731228,0.00021984942033015376
Jordan Johnson,0.3400655921538177,0.18324895656105333,0.41568771001583704,0.07941541555269538,0.1670130150579302,0.7862595270362289,0.7346526666107704,0.7608830222082125,0.6177536036738988,0.6215333153540475,0.6125302409493534,0.9308644596583764,0.4292469273084697,0.3507538700475562,0.12815662528681393,0.5926235541406157,0.811343874797589,0.6678879279605526,0.9288447427227899,0.342879367511838
Morgan Thomas,0.3646044643477917,0.7690766318804686,0.013353072218073803,0.5100138677585938,0.9850664353926177,0.7941563959928148,0.5357293312467784,0.3581539839930943,0.17001883287788266,0.3497892590707731,0.8632039714781541,0.8024801386684711,0.2674984609223402,0.48044034406024594,0.4788814039940772,0.7910570130535935,0.5046929525478583,0.2683877225459119,0.580641992094243,0.7470755025339945
Jamie Wilson,0.31034874934268186,0.266434468967946,0.7920526364641105,0.43463730331661543,0.07537097986120422,0.2564125661547626,0.8753812783007539,0.78181791564604,0.7582156373389337,0.017867870269599684,0.05637721795311468,0.4112147994292896,0.38445052122982937,0.04414638802133808,0.5147029581300814,0.3280693757032853,0.1622931079806027,0.4567326698327969,0.17101817427308952,0.4122369800021175
Chris Smith,0.7793855627808624,0.3926598812647697,0.35769697029818714,0.718442609068835,0.6125796249209303,0.49489317830376256,0.3986629894226119,0.9871376163591132,0.24948899616990405,0.8064792997347803,0.15254517563381298,0.9066474037922364,0.5573739533868708,0.009715310233257557,0.4082455313406307,0.8149793575346757,0.967963563585642,0.07962503269767096,0.05961062631028813,0.4303360153870951
Drew Anderson,0.5814278842026642,0.9176717053497117,0.7550112429746764,0.6599137606401773,0.7693981182166438,0.3526414561159982,0.46821228763905964,0.8628989626159125,0.3374686809316707,0.43027931882039894,0.6227580469131676,0.15023366676347238,0.8786593251678608,0.8589740263272078,0.644657263487456,0.1439564951490767,0.8873218856482215,0.12070920915016581,0.817965377607203,0.9431857107434313
Alex Johnson,0.8394048928261498,0.6339763064371908,0.5293601041289363,0.4731182021466255,0.7040537864184787,0.17207195160490785,0.8356336660357344,0.7582540480881425,0.5097609086354308,0.5063710921225992,0.300954001998077,0.8696823093071077,0.5496754619774533,0.7377682824679966,0.867963718389097,0.38062733574182284,0.7240273333868427,0.9128295036073341,0.39570595664276675,0.7392644182804169
Morgan Brown,0.6075434954051523,0.3185304218431336,0.9345599071415075,0.11404340276600533,0.7693397239080775,0.41177382545518926,0.9716849059272731,0.9345567321538018,0.7442384569226445,0.5074923102978703,0.8015359972966778,0.6026452374628609,0.23513213098692454,0.953126215921032,0.5482020726367981,0.8530037589556506,0.6459546873639065,0.5128094986764953,0.8691935037649752,0.9726383522239938
Jamie Taylor,0.4349806059833512,0.7608517287478626,0.22661321671010992,0.08241251563348062,0.6232040461169869,0.1681388696864916,0.6658626958077938,0.2188015653807045,0.46703017859352036,0.06231827770502307,0.06353839644836345,0.6249147051566841,0.3749280889511889,0.03412260102033404,0.19207791894196036,0.07976591010117251,0.9049245468691325,0.35494782270406755,0.8406671509505436,0.6934295345502955
Jordan Wilson,0.861719710169817,0.0938815239021712,0.34028750954828135,0.16661724762598595,0.9739655467281185,0.33115525086454445,0.025485974240846865,0.4841634438574971,0.43780995815197576,0.6054957497526476,0.15826883877275555,0.2900796604379453,0.7596922023065557,0.6407087075081271,0.38236659874298373,0.3064415622962453,0.7734411961999801,0.7459823611967553,0.8492090135154363,0.5298902253242549
Jamie Miller,0.24199234116086366,0.25310173228516697,0.27679578923699044,0.35693763981007787,0.3239452559128492,0.2029315989821895,0.8185914968527636,0.3035948004451581,0.22225482768048732,0.6877869119720573,0.7161900334225423,0.8367880014123262,0.9218593926319455,0.14754235576186625,0.8050271391818745,0.26446078247844673,0.7130861419269049,0.4715662677965151,0.6717640349189429,0.15305280051740988
Chris Johnson,0.9973253235599546,0.9604389047018237,0.483900515058441,0.7284530000039893,0.46781943781825497,0.6595508424497813,0.9824739949155494,0.3423375586368169,0.29609077798668826,0.9902143796830978,0.5422389742618267,0.012575430050661751,0.16244033638983724,0.2027771968743629,0.1863091268167888,0.469890020184332,0.35696779480060303,0.7817318444996387,0.793754199387923,0.5190890705798131
Chris Davis,0.037409967438423175,0.6493877820826817,0.8420515148995538,0.9873997390954805,0.21423119092680498,0.41617096999719627,0.08394421125724816,0.5351867601270174,0.3997881470572643,0.3268894267990279,0.6301202533258318,0.9125249142560127,0.10387266693003283,0.8002606705879952,0.433663176493171,0.5784575398313264,0.7737789330791212,0.03899252053009972,0.45716625991798154,0.9805097373417486
Morgan Brown,0.03607244327159487,0.5173535434744715,0.06782651238579196,0.5450691920126541,0.07514606557649617,0.2357049723239517,0.986900809226721,0.4541888358533691,0.6633602499306777,0.4289488653664938,0.9156223055542159,0.3388525010229515,0.1742034281813526,0.17601311286058563,0.4911558222520226,0.07598643740409317,0.06574487182263333,0.4552689164825351,0.6048042206985372,0.0019602118998425233
Jordan Miller,0.6221701648957477,0.20448945184757727,0.6651351928255248,0.06813012095150717,0.4119064892082369,0.8424325983236227,0.9444439949763505,0.8298408039837518,0.15779223483379468,0.26639756567722783,0.4928551996433801,0.6048712419430609,0.07793796082394167,0.5879659072070983,0.35302748689559404,0.40439952283706937,0.13258049501493263,0.8298260034534731,0.8395776052795415,0.5964082364143999
Chris Davis,0.7423933628496577,0.1263203647628076,0.4567674873489662,0.9611961345642567,0.6873306001556901,0.8251714676339513,0.813488243467439,0.37180205141954825,0.8081917909309714,0.9714489477247527,0.35053882789075674,0.2823918030268945,0.3714892178905953,0.6870727272062602,0.9928293465051539,0.6962941164764801,0.5089627973691151,0.38722357277607533,0.4728541315146698,0.6575420166206363
Jamie Miller,0.33328925091760364,0.8703385927816725,0.42384998548488295,0.2812247083123791,0.14059708468729215,0.1458627520011282,0.31416618663237283,0.14547514339445067,0.8409630007645236,0.8015727559768895,0.6848140978534504,0.2994468863842208,0.5323764003444363,0.9877075049489752,0.648437043773671,0.06588470253702239,0.7360915587094515,0.7640155387149847,0.954260133817897,0.09389478725007361
Casey Moore,0.3916116853160204,0.4771334020576533,0.5681049140691258,0.26597362212303055,0.08805085990137085,0.2663775621499971,0.6744053873494309,0.9320222279810756,0.5739603222447089,0.66338115237398,0.5977806520674956,0.18033770348984024,0.8980519711892219,0.8092233290810048,0.5498525336348083,0.06581972274712122,0.7193526506063705,0.8862237045566632,0.49599374759294934,0.9872329596377443
Casey Moore,0.44789425093865,0.15326040054331047,0.5566890108005035,0.07969919437513884,0.16930475054135186,0.2174446523474134,0.5671352760128391,0.15740930827523014,0.18112078909191165,0.5575002673496648,0.15848443303245663,0.9087757988974091,0.4562201625139264,0.10542209999015217,0.5443781205406762,0.4351387399637314,0.3417373714987453,0.933357139559645,0.7089292865586563,0.4372141784532272
Avery Davis,0.26094175065779823,0.5942034598925585,0.03602655904266916,0.6199074321262018,0.1842373388054963,0.9786307680917002,0.38310529644990865,0.2386729645541651,0.7902843100069535,0.8227955104916196,0.22104733068961058,0.9755076403227494,0.9276384372409205,0.6573251578852333,0.283194031631958,0.3639514896743855,0.820578437412413,0.0843180109431888,0.18964467488581982,0.43953978928060855
Jamie Taylor,0.8406528817138437,0.36614567318909674,0.3313428083626152,0.2532342050404599,0.06399654543428157,0.37098518126348945,0.5574788114535993,0.3419102997321416,0.778408192283771,0.31511648964088723,0.5732776924091474,0.7744234772986187,0.6474829787706111,0.626546527988527,0.2905227364490054,0.35810676191162505,0.4652313018814327,0.8174259717389838,0.8011020837840735,0.4288591700223382
Casey Taylor,0.3163222824264149,0.0825650996972136,0.7380501409835801,0.05077912874506485,0.13616563160293593,0.8330946193406424,0.9287071635505862,0.28813493800453327,0.9882731849690352,0.04114771785190907,0.4732746147472331,0.05607893386597984,0.7339160651696228,0.9447082825380206,0.19823810232657924,0.5531293229923144,0.13807280096231078,0.34151743109229926,0.83750308859299,0.4369990020177432
Avery Thomas,0.22995726397111182,0.9879163913099531,0.764050662645735,0.4223346152974452,0.58860145851887,0.985941916157142,0.556242653372838,0.016599935511087738,0.1633674123280512,0.16030049770751975,0.8095137843655273,0.714516842957149,0.6126999743906489,0.9232097221380658,0.9560750712314497,0.8860794974454491,0.3598932894576473,0.917096874264848,0.13855312596646485,0.46361284725846774
Jamie Wilson,0.9865685254475695,0.1715056348052849,0.9228561345947466,0.12456403144727013,0.8180707839557928,0.05282635732378993,0.17372878464546393,0.2919579526470173,0.6948591822767093,0.4359185540916143,0.5180261217389499,0.2889517585771425,0.43801503903844985,0.941103254952232,0.6857585333557401,0.08129788938864058,0.572486001405131,0.36256886944208644,0.12307640301552547,0.7090911175145903
Jamie Thomas,0.905280047141077,0.47763642742913237,0.7071779286221531,0.9621883310377418,0.9726781791069344,0.29845168971630953,0.7036502666968737,0.2097858314261125,0.050272785835278166,0.5823169227500914,0.9216127625934698,0.70077172820724,0.8745115749691329,0.5828761938435666,0.4494200502254668,0.331063391857378,0.39956828281400936,0.25221842970379327,0.5751736269506106,0.5284389906908015
Morgan Davis,0.050850769975069765,0.9050887226705822,0.923589608647871,0.6194444064779099,0.7528247354172436,0.050238752460211034,0.7628468591050623,0.6382166751719828,0.8952537867175243,0.21082191250113946,0.598914860666493,0.8972613710742764,0.7973358661373343,0.4037738701314004,0.2874595043252597,0.8303087469318752,0.10403367640130623,0.7410983182017524,0.04582872778178104,0.8057366583356496
Morgan Moore,0.7241177884892906,0.30094695585259434,0.7037869275489576,0.6728043314214921,0.31612646391611854,0.3494231072532976,0.04052608165808713,0.8883728124961202,0.13953319541920284,0.09210957302954981,0.7757096856970325,0.3390400161580258,0.5113260063248621,0.5452189748572591,0.5652765703126139,0.12132792057971942,0.07683959950908292,0.09304392432131925,0.5276508630765843,0.022172738774611345
Drew Johnson,0.5932967467880274,0.30016261487439233,0.2013212519251113,0.08002235180770878,0.743051829250441,0.972305897803777,0.301974158031722,0.05561056998044678,0.15621554948246752,0.2905031704227372,0.37543369629608636,0.8173105899481028,0.4299789950856503,0.6210789692798253,0.2777973457984445,0.3389727711946129,0.9100583869651496,0.8749265506276663,0.17503103511003237,0.44498440732425537
Jamie Brown,0.5841989115778743,0.5244454248208075,0.40011083996439556,0.2948923636434764,0.9284833778775896,0.7093265116041007,0.8582835702687054,0.7603292614001211,0.5647954483812189,0.53694429232856,0.35731099553004586,0.7319636472520439,0.805807513272887,0.6132053242818483,0.7735322192239189,0.2088558965821915,0.877608946497492,0.027385367075616562,0.40419613044942493,0.20597930037144196
Chris Anderson,0.00215234614266957,0.6371603802449327,0.7065476830343006,0.771283195218366,0.07514747592135496,0.30094228616496843,0.05556816808906151,0.2759931404710586,0.8327395529659023,0.7547173476132479,0.15646505085666218,0.6930965440737165,0.32178141953872075,0.4096028819744044,0.336970906424956,0.7552334548842128,0.07081010811715038,0.8611656964874594,0.5894965804425001,0.4949186502376578
Jamie Miller,0.08020589539646816,0.4025535502823798,0.378918110749474,0.8822610628375042,0.7888568455139705,0.6513825115504484,0.42331508311220056,0.16737608155242967,0.08012541479270063,0.11996520860272752,0.14724230439298303,0.8762867605883058,0.7595346237028081,0.07457748557492017,0.6288720267029143,0.1361970806533641,0.012089636119682834,0.3486958638986881,0.9096259852284015,0.9980494344918556
Drew Anderson,0.04168728872158123,0.014704381377018683,0.9650748772751135,0.8080398529185946,0.05243778219008022,0.6343531943056762,0.8936447891003955,0.7145738377281228,0.8024356063841739,0.37369788225421496,0.42889688194193476,0.8081877844154451,0.9420540473752279,0.8593853017130374,0.4747344971023102,0.7967894109173997,0.37956250500896527,0.8159012859659235,0.791117608858398,0.20335809942931182
Jamie Johnson,0.28014621963149533,0.8318702041745875,0.5062563030938753,0.17353221173804634,0.7034379856181457,0.2763076736871328,0.8935086764092683,0.6418230388313589,0.17857181576707015,0.22963584012523175,0.6209287130715893,0.4806759614850129,0.5417982188158239,0.5525658148456002,0.3641239984229183,0.1650963295257729,0.6686679665542692,0.9621257686212442,0.8341844924458619,0.9264748319696224
Morgan Thomas,0.7381640208538822,0.09849639975370361,0.02696875283883715,0.008751188723841952,0.09892956915378015,0.22554309824103025,0.849018561103808,0.3132916180254498,0.06431580342529841,0.7408203860532774,0.7524453713731497,0.45251749557958376,0.07788697990120907,0.410258333114655,0.1153521080360913,0.6524605356710803,0.33215554658604185,0.426281915456055,0.2013514297997484,0.09656483789829218
Taylor Thomas,0.41302938496670694,0.6038272628185058,0.5860260952742554,0.2646122723379428,0.6035548132517625,0.061250327477854305,0.7718352602423485,0.529284581809624,0.23119893305284756,0.4348201391734299,0.9096837667799121,0.15657292877254847,0.6704303977818048,0.8867283044473839,0.2557917319520264,0.7198488274434135,0.7400549121183171,0.08638002948391676,0.2253950289751414,0.759593345677156
Taylor Miller,0.07516991341711032,0.29733761280342574,0.8211451442293435,0.9866525034112159,0.1007128927044364,0.8667311216213831,0.7310880938252926,0.24060480515714522,0.7880413115046755,0.3294726757562375,0.7501973012175472,0.0331482985197763,0.011655795777176126,0.3172571479493397,0.24213133517784446,0.08069439596230321,0.019468668055984684,0.8906592253891331,0.8714646997990515,0.2522013686744655
Morgan Taylor,0.42584902457079055,0.06402596796925675,0.22574062152110064,0.8838292237175998,0.6252247167043185,0.1134593877921023,0.18367203919731623,0.42837696324818997,0.9888393578101262,0.4423196023839788,0.5561148265163071,0.4078634745227796,0.8052052005544099,0.1698279013321471,0.7291883776348346,0.5179516713603975,0.5582524898636754,0.5178603372178034,0.19744164074229265,0.622127649101094
Quinn Taylor,0.06871534002809998,0.7110255374799644,0.7171430178783058,0.9977421805958978,0.0004067819891826474,0.809906353431202,0.32032303997948774,0.8003461599217814,0.3671374157617401,0.6295612390348462,0.26668925514786423,0.4325729932872454,0.9133804879775371,0.2870704903008767,0.3975686290056858,0.8295618888496028,0.1869349709945134,0.7843761210892242,0.8550272124990042,0.7552676388013585
Chris Johnson,0.6527784922221623,0.8950698252924602,0.7282975829205146,0.01196268412795265,0.4588737335446257,0.2820947590773697,0.5486184910742232,0.8803918446160182,0.47763059872985436,0.09121394867741484,0.5603963196434668,0.9471269305255153,0.6074459777550859,0.8530285772353635,0.08955394340791989,0.8481242341079018,0.2781011645188849,0.5198704280457095,0.3762799794667061,0.7975869658270724
Drew Johnson,0.2584139072397499,0.9292466299519636,0.13269057648629667,0.928373839406359,0.024132093124073384,0.4735070130232578,0.11746758242374855,0.41395021969867585,0.23069219901350757,0.13217320416255507,0.30879256263006527,0.7398994014925298,0.6444766747386015,0.011830188747898096,0.9349928648006631,0.010686079497202128,0.7391153893052531,0.6186873138335632,0.3323511407580618,0.9094566335650751
Morgan Moore,0.5924397224419999,0.5942202410016629,0.21749000667824647,0.8598103854295863,0.8508669554615192,0.36434795389725116,0.878649681786732,0.8683744333078082,0.6263978861642484,0.5182775548423043,0.7514956202793385,0.1722504115461576,0.10259974750932321,0.30816618337221924,0.8064917311561475,0.9906113810065588,0.36718121451086116,0.7023135141665343,0.27154544820639714,0.352875150693128
Jamie Thomas,0.5014187684070242,0.8418762667911918,0.0573647255969475,0.08100533880584881,0.29517198583942417,0.7992851023315839,0.5413475115544298,0.7120267556308725,0.42453247099789293,0.7278046008148908,0.6792460308061296,0.8672092308321885,0.9839129623141315,0.7427837190807564,0.8699970730581758,0.07071145955612135,0.7795554782986203,0.41172023587834616,0.7649335647192416,0.8380507217695976
Casey Moore,0.8960963172224276,0.8035986710978533,0.20529191103838706,0.6057253464426354,0.47509745536544323,0.6399812776595055,0.6742951713089017,0.1874434637145458,0.9776888018017152,0.3202705841217547,0.637339541433299,0.5754897275729205,0.89440181807507,0.5825573394043334,0.8093651918442683,0.2822021562922161,0.5555278312836652,0.3834500245535932,0.7110804099576858,0.999021803258891
Drew Moore,0.3501114343222914,0.26164064024185985,0.1633735993290667,0.4375901300496092,0.2859893010435314,0.22763658665005515,0.29065727586623935,0.06944339318831239,0.3213366709294114,0.3787021800830549,0.989865185469552,0.046342040455436884,0.4738748942872313,0.34001109744911895,0.4370673993850359,0.9381378008901545,0.9462270335823549,0.9825062115101275,0.5735908249906505,0.2434105039416049
Casey Smith,0.7011788006455173,0.08390974753625013,0.4396350358200345,0.6472568348784694,0.8403434941089934,0.27219254282449634,0.02036115866141386,0.14404367724404632,0.48647109301413005,0.16270180784592847,0.08943437493220763,0.5247378046423662,0.24037723798116306,0.19952234188821827,0.0479240142477495,0.7443848702861297,0.22060572405367018,0.5522931824088646,0.323522451142469,0.1415825289893411
Casey Taylor,0.9670319055373504,0.36147600479215114,0.7715825367577751,0.009384350716123202,0.010400131888997022,0.6927221683566506,0.25460997376502836,0.03241169844411418,0.060015573042226156,0.4966338852874761,0.463828093093277,0.777577317427262,0.12775410457721648,0.4682998556929102,0.8427101084626913,0.015078980141463583,0.09813683479500368,0.501397819681853,0.9657513114358947,0.43309960989342045
Casey Thomas,0.6835246170199485,0.8280227850122367,0.1982229944206787,0.15739211579936263,0.14272200568628202,0.31973016812508803,0.49362799570184346,0.6616191617530206,0.1869814732859988,0.8603665434174819,0.7206041656980388,0.24480819492939487,0.6755546980009517,0.17637401492626437,0.9645518328673237,0.9906003454186563,0.6974847708083428,0.5949209543799,0.4499893029040911,0.04655217517492927
